teacher_id,teacher_name,max_classes_per_day
T001,Dr Logic,3
T002,Dr Cpp Guru,3
T003,Dr Mathematics,3
T004,Prof Statistics,3
T005,Prof Skills,3
T006,Prof Humanities,3
T007,Lab Master 1,3
T008,Lab Master 2,3
T009,Lab Master 3,3
T010,DS Expert,3
T011,OOPS Guru,3
T012,CO Guru,3
T013,Theory Specialist,3
T014,Trainer,3
T015,Senior Mentor,3
